,short,prolonged,escalation,weighted
XOM,-0.043105141734698774,0.10234815784771546,0.3792307215207791,0.07115389260746788
CVX,-0.028494087139614745,0.12195395875715562,0.4378071636369479,0.09410791654073927
COP,-0.057721776331936175,0.12136613400755217,0.4859862506036783,0.0865151963272269
OXY,-0.08391713644547094,0.11476095179125695,0.6083403302258137,0.0894588144380765
LNG,-0.016020768049748578,0.13854942685186353,0.41433937558616174,0.1026328217112022
VG,-0.18443649414810026,-0.009567582761746834,0.5047317541561323,-0.019857137917241696
FRO,0.0013578546013980125,0.1646982308258635,0.4167244123087533,0.12083196993606421
STNG,-0.016867937647210833,0.058776050201113914,0.1565801615592758,0.035624672980675814
ET,-0.05638386557689039,0.04743421612931004,0.24721459043745136,0.02549223142243102
